resid,resname,value,error
2,LYS,6.3,0.5
3,ARG,6.9,0.5
4,GLU,7.3,0.5
5,PHE,7.6,0.5
6,ASN,7.3,0.5
7,GLU,5.8,0.5
8,ASN,6.7,0.5
9,ARG,6,0.5
10,TYR,6.4,0.5
11,LEU,6.6,0.5
12,THR,6.8,0.5
13,GLU,6.2,0.5
14,ARG,5.1,0.5
15,ARG,6.1,0.5
16,ARG,4.7,0.5
17,GLN,5.7,0.5
18,GLN,6,0.5
19,LEU,5.5,0.5
20,SER,5.5,0.5
21,SER,6.5,0.5
22,GLU,6.9,0.5
23,LEU,7.1,0.5
24,GLY,8.1,0.5
25,LEU,7,0.5
26,ASN,8.4,0.5
27,GLU,3.4,0.5
28,ALA,5.5,0.5
29,GLN,5.9,0.5
30,ILE,5.4,0.5
31,LYS,4.5,0.5
32,ILE,6.3,0.5
33,TRP,4.6,0.5
34,PHE,5.9,0.5
35,GLN,6.1,0.5
36,ASN,6.3,0.5
37,LYS,6.6,0.5
38,ARG,7,0.5
39,ALA,5.7,0.5
40,LYS,7.4,0.5
41,ILE,8.5,0.5
42,LYS,7.5,0.5
43,LYS,7.6,0.5
44,SER,8.5,0.5